---,Scale,AIUnitFX,AttackMontage,SkillMontages,AIController,BehaviorTree,Blackboard,BasicAttackSetup,SkillSetups,FactionTag,SkeletalMesh,FaceIcon,AnimBlueprint,HitMontage,DeathMontage
Anemone,"0.700000","(FXData=""/Game/Data/Assets/FamiliarFXAssets/Common/DA_FamiliarFX_Common_Anemone.DA_FamiliarFX_Common_Anemone"",BasicAttackTag=(TagName=""FX.Familiar.Common.Anemone.BasicAttack""),BasicAttackHitTag=(TagName=""FX.Familiar.Common.Anemone.BasicAttackHit""),HitTag=(TagName=""FX.Familiar.Common.Anemone.Hit""),DeathTag=(TagName=""FX.Familiar.Common.Anemone.Death""))","/Game/Blueprints/Characters/Familiar/Anemone/AM_Anemone_BasicAttack.AM_Anemone_BasicAttack","","/Script/Engine.BlueprintGeneratedClass'/Game/Test/KMJ/AI/BP_MyAIController.BP_MyAIController_C'","/Game/Test/KMJ/AI/BT_Monster.BT_Monster","/Game/Test/KMJ/AI/BB_Monster.BB_Monster","(AbilityClass=""/Script/Engine.BlueprintGeneratedClass'/Game/GAS/Abilities/GA_AreaBasicAttack.GA_AreaBasicAttack_C'"",EffectClass=""/Script/Engine.BlueprintGeneratedClass'/Game/GAS/Effects/GE_Damage_BasicAttack.GE_Damage_BasicAttack_C'"",ProjectileClass=None)","","(TagName=""Unit.Faction.Friendly.Familiar"")","/Game/External_Assets/Monster/Anemone/SKM_Anemone.SKM_Anemone","/Game/External_Assets/UI/Character/Icon_Monster/Icon_Anemone.Icon_Anemone","/Script/Engine.AnimBlueprintGeneratedClass'/Game/Blueprints/Characters/Familiar/Anemone/ABP_Anemone.ABP_Anemone_C'","/Game/Blueprints/Characters/Familiar/Anemone/AM_Anemone_Damaged.AM_Anemone_Damaged","/Game/Blueprints/Characters/Familiar/Anemone/AM_Anemone_Dead.AM_Anemone_Dead"
BardFollower,"1.000000","(FXData=""/Game/Data/Assets/FamiliarFXAssets/Common/DA_FamiliarFX_Common_BardFollower.DA_FamiliarFX_Common_BardFollower"",BasicAttackTag=(TagName=""FX.Familiar.Common.BardFollower.BasicAttack""),BasicAttackHitTag=(TagName=""FX.Familiar.Common.BardFollower.BasicAttackHit""),HitTag=(TagName=""FX.Familiar.Common.BardFollower.Hit""),DeathTag=(TagName=""FX.Familiar.Common.BardFollower.Death""))","/Game/Blueprints/Characters/Familiar/BardFollower/AM_BardFollower_BasicAttack.AM_BardFollower_BasicAttack","","/Script/Engine.BlueprintGeneratedClass'/Game/Test/KMJ/AI/BP_MyAIController.BP_MyAIController_C'","/Game/Test/KMJ/AI/BT_Monster.BT_Monster","/Game/Test/KMJ/AI/BB_Monster.BB_Monster","(AbilityClass=""/Script/Engine.BlueprintGeneratedClass'/Game/GAS/Abilities/GA_AreaBasicAttack.GA_AreaBasicAttack_C'"",EffectClass=""/Script/Engine.BlueprintGeneratedClass'/Game/GAS/Effects/GE_Damage_BasicAttack.GE_Damage_BasicAttack_C'"",ProjectileClass=None)","","(TagName=""Unit.Faction.Friendly.Familiar"")","/Game/External_Assets/Monster/BardFollower/SKM_BardFollower.SKM_BardFollower","/Game/UI/Img/Img_Unit/","/Script/Engine.AnimBlueprintGeneratedClass'/Game/Blueprints/Characters/Familiar/BardFollower/ABP_BardFollower.ABP_BardFollower_C'","/Game/Blueprints/Characters/Familiar/BardFollower/AM_BardFollower_Damaged.AM_BardFollower_Damaged","/Game/Blueprints/Characters/Familiar/BardFollower/AM_BardFollower_Dead.AM_BardFollower_Dead"
Bat,"1.000000","(FXData=""/Game/Data/Assets/FamiliarFXAssets/Common/DA_FamiliarFX_Common_Bat.DA_FamiliarFX_Common_Bat"",BasicAttackTag=(TagName=""FX.Familiar.Common.Bat.BasicAttack""),BasicAttackHitTag=(TagName=""FX.Familiar.Common.Bat.BasicAttackHit""),HitTag=(TagName=""FX.Familiar.Common.Bat.Hit""),DeathTag=(TagName=""FX.Familiar.Common.Bat.Death""))","/Game/Blueprints/Characters/Familiar/Bat/AM_Bat_BasicAttack.AM_Bat_BasicAttack","","/Script/Engine.BlueprintGeneratedClass'/Game/Test/KMJ/AI/BP_MyAIController.BP_MyAIController_C'","/Game/Test/KMJ/AI/BT_Monster.BT_Monster","/Game/Test/KMJ/AI/BB_Monster.BB_Monster","(AbilityClass=""/Script/Engine.BlueprintGeneratedClass'/Game/GAS/Abilities/GA_AreaBasicAttack.GA_AreaBasicAttack_C'"",EffectClass=""/Script/Engine.BlueprintGeneratedClass'/Game/GAS/Effects/GE_Damage_BasicAttack.GE_Damage_BasicAttack_C'"",ProjectileClass=None)","","(TagName=""Unit.Faction.Friendly.Familiar"")","/Game/External_Assets/Monster/Bat/SKM_Bat.SKM_Bat","/Game/External_Assets/UI/Character/Icon_Monster/Icon_Boss_Bat.Icon_Boss_Bat","/Script/Engine.AnimBlueprintGeneratedClass'/Game/Blueprints/Characters/Familiar/Bat/ABP_Bat.ABP_Bat_C'","/Game/Blueprints/Characters/Familiar/Bat/AM_Bat_Damaged.AM_Bat_Damaged","/Game/Blueprints/Characters/Familiar/Bat/AM_Bat_Dead.AM_Bat_Dead"
Cannon,"1.000000","(FXData=""/Game/Data/Assets/FamiliarFXAssets/Common/DA_FamiliarFX_Common_Cannon.DA_FamiliarFX_Common_Cannon"",BasicAttackTag=(TagName=""FX.Familiar.Common.Cannon.BasicAttack""),BasicAttackHitTag=(TagName=""FX.Familiar.Common.Cannon.BasicAttackHit""),HitTag=(TagName=""FX.Familiar.Common.Cannon.Hit""),DeathTag=(TagName=""FX.Familiar.Common.Cannon.Death""))","/Game/Blueprints/Characters/Familiar/Cannon/AM_Cannon_BasicAttack.AM_Cannon_BasicAttack","","/Script/Engine.BlueprintGeneratedClass'/Game/Test/KMJ/AI/BP_MyAIController.BP_MyAIController_C'","/Game/Test/KMJ/AI/BT_Monster.BT_Monster","/Game/Test/KMJ/AI/BB_Monster.BB_Monster","(AbilityClass=""/Script/Engine.BlueprintGeneratedClass'/Game/GAS/Abilities/GA_ProjectileBasicAttack.GA_ProjectileBasicAttack_C'"",EffectClass=""/Script/Engine.BlueprintGeneratedClass'/Game/GAS/Effects/GE_Damage_BasicAttack.GE_Damage_BasicAttack_C'"",ProjectileClass=""/Script/Engine.BlueprintGeneratedClass'/Game/Blueprints/Object/Projectile/BP_Bullet.BP_Bullet_C'"")","","(TagName=""Unit.Faction.Friendly.Familiar"")","/Game/External_Assets/Monster/Cannon/SKM_Cannon.SKM_Cannon","/Game/External_Assets/UI/Character/Icon_Monster/Icon_Boss_Cannon.Icon_Boss_Cannon","/Script/Engine.AnimBlueprintGeneratedClass'/Game/Blueprints/Characters/Familiar/Cannon/ABP_Cannon.ABP_Cannon_C'","/Game/Blueprints/Characters/Familiar/Cannon/AM_Cannon_Damaged.AM_Cannon_Damaged","/Game/Blueprints/Characters/Familiar/Cannon/AM_Cannon_Dead.AM_Cannon_Dead"
CherryBee,"0.600000","(FXData=""/Game/Data/Assets/FamiliarFXAssets/Common/DA_FamiliarFX_Common_CherryBee.DA_FamiliarFX_Common_CherryBee"",BasicAttackTag=(TagName=""FX.Familiar.Common.CherryBee.BasicAttack""),BasicAttackHitTag=(TagName=""FX.Familiar.Common.CherryBee.BasicAttackHit""),HitTag=(TagName=""FX.Familiar.Common.CherryBee.Hit""),DeathTag=(TagName=""FX.Familiar.Common.CherryBee.Death""))","/Game/Blueprints/Characters/Familiar/CherryBee/AM_CherryBee_BasicAttack.AM_CherryBee_BasicAttack","","/Script/Engine.BlueprintGeneratedClass'/Game/Test/KMJ/AI/BP_MyAIController.BP_MyAIController_C'","/Game/Test/KMJ/AI/BT_RangeUnit.BT_RangeUnit","/Game/Test/KMJ/AI/BB_Monster.BB_Monster","(AbilityClass=""/Script/Engine.BlueprintGeneratedClass'/Game/GAS/Abilities/GA_AreaBasicAttack.GA_AreaBasicAttack_C'"",EffectClass=""/Script/Engine.BlueprintGeneratedClass'/Game/GAS/Effects/GE_Damage_BasicAttack.GE_Damage_BasicAttack_C'"",ProjectileClass=None)","","(TagName=""Unit.Faction.Friendly.Familiar"")","/Game/External_Assets/Monster/CherryBee/SKM_CherryBee.SKM_CherryBee","/Game/UI/Img/Img_Unit/","/Script/Engine.AnimBlueprintGeneratedClass'/Game/Blueprints/Characters/Familiar/CherryBee/ABP_CherryBee.ABP_CherryBee_C'","/Game/Blueprints/Characters/Familiar/CherryBee/AM_CherryBee_Damaged.AM_CherryBee_Damaged","/Game/Blueprints/Characters/Familiar/CherryBee/AM_CherryBee_Dead.AM_CherryBee_Dead"
Clownfish,"1.000000","(FXData=""/Game/Data/Assets/FamiliarFXAssets/Common/DA_FamiliarFX_Common_Clownfish.DA_FamiliarFX_Common_Clownfish"",BasicAttackTag=(TagName=""FX.Familiar.Common.Clownfish.BasicAttack""),BasicAttackHitTag=(TagName=""FX.Familiar.Common.Clownfish.BasicAttackHit""),HitTag=(TagName=""FX.Familiar.Common.Clownfish.Hit""),DeathTag=(TagName=""FX.Familiar.Common.Clownfish.Death""))","/Game/Blueprints/Characters/Familiar/Clownfish/AM_Clownfish_BasicAttack.AM_Clownfish_BasicAttack","","/Script/Engine.BlueprintGeneratedClass'/Game/Test/KMJ/AI/BP_MyAIController.BP_MyAIController_C'","/Game/Test/KMJ/AI/BT_Monster.BT_Monster","/Game/Test/KMJ/AI/BB_Monster.BB_Monster","(AbilityClass=""/Script/Engine.BlueprintGeneratedClass'/Game/GAS/Abilities/GA_AreaBasicAttack.GA_AreaBasicAttack_C'"",EffectClass=""/Script/Engine.BlueprintGeneratedClass'/Game/GAS/Effects/GE_Damage_BasicAttack.GE_Damage_BasicAttack_C'"",ProjectileClass=None)","","(TagName=""Unit.Faction.Friendly.Familiar"")","/Game/External_Assets/Monster/Clownfish/SKM_Clownfish.SKM_Clownfish","/Game/External_Assets/UI/Character/Icon_Monster/Icon_Clownfish.Icon_Clownfish","/Script/Engine.AnimBlueprintGeneratedClass'/Game/Blueprints/Characters/Familiar/Clownfish/ABP_Clownfish.ABP_Clownfish_C'","/Game/Blueprints/Characters/Familiar/Clownfish/AM_Clownfish_Damaged.AM_Clownfish_Damaged","/Game/Blueprints/Characters/Familiar/Clownfish/AM_Clownfish_Dead.AM_Clownfish_Dead"
CowardTurtle,"0.700000","(FXData=""/Game/Data/Assets/FamiliarFXAssets/Common/DA_FamiliarFX_Common_CowardTurtle.DA_FamiliarFX_Common_CowardTurtle"",BasicAttackTag=(TagName=""FX.Familiar.Common.CowardTurtle.BasicAttack""),BasicAttackHitTag=(TagName=""FX.Familiar.Common.CowardTurtle.BasicAttackHit""),HitTag=(TagName=""FX.Familiar.Common.CowardTurtle.Hit""),DeathTag=(TagName=""FX.Familiar.Common.CowardTurtle.Death""))","/Game/Blueprints/Characters/Familiar/CowardTurtle/AM_CowardTurtle_BasicAttack.AM_CowardTurtle_BasicAttack","","/Script/Engine.BlueprintGeneratedClass'/Game/Test/KMJ/AI/BP_MyAIController.BP_MyAIController_C'","/Game/Test/KMJ/AI/BT_Monster.BT_Monster","/Game/Test/KMJ/AI/BB_Monster.BB_Monster","(AbilityClass=""/Script/Engine.BlueprintGeneratedClass'/Game/GAS/Abilities/GA_AreaBasicAttack.GA_AreaBasicAttack_C'"",EffectClass=""/Script/Engine.BlueprintGeneratedClass'/Game/GAS/Effects/GE_Damage_BasicAttack.GE_Damage_BasicAttack_C'"",ProjectileClass=None)","","(TagName=""Unit.Faction.Friendly.Familiar"")","/Game/External_Assets/Monster/CowardTurtle/SKM_CowardTurtle.SKM_CowardTurtle","/Game/External_Assets/UI/Character/Icon_Monster/Icon_CowardTurtle.Icon_CowardTurtle","/Script/Engine.AnimBlueprintGeneratedClass'/Game/Blueprints/Characters/Familiar/CowardTurtle/ABP_CowardTurtle.ABP_CowardTurtle_C'","/Game/Blueprints/Characters/Familiar/CowardTurtle/AM_CowardTurtle_Damaged.AM_CowardTurtle_Damaged","/Game/Blueprints/Characters/Familiar/CowardTurtle/AM_CowardTurtle_Dead.AM_CowardTurtle_Dead"
CupFelice,"1.000000","(FXData=""/Game/Data/Assets/FamiliarFXAssets/Common/DA_FamiliarFX_Common_CupFelice.DA_FamiliarFX_Common_CupFelice"",BasicAttackTag=(TagName=""FX.Familiar.Common.CupFelice.BasicAttack""),BasicAttackHitTag=(TagName=""FX.Familiar.Common.CupFelice.BasicAttackHit""),HitTag=(TagName=""FX.Familiar.Common.CupFelice.Hit""),DeathTag=(TagName=""FX.Familiar.Common.CupFelice.Death""))","/Game/Blueprints/Characters/Familiar/CupFelice/AM_CupFelice_BasicAttack.AM_CupFelice_BasicAttack","","/Script/Engine.BlueprintGeneratedClass'/Game/Test/KMJ/AI/BP_MyAIController.BP_MyAIController_C'","/Game/Test/KMJ/AI/BT_Monster.BT_Monster","/Game/Test/KMJ/AI/BB_Monster.BB_Monster","(AbilityClass=""/Script/Engine.BlueprintGeneratedClass'/Game/GAS/Abilities/GA_AreaBasicAttack.GA_AreaBasicAttack_C'"",EffectClass=""/Script/Engine.BlueprintGeneratedClass'/Game/GAS/Effects/GE_Damage_BasicAttack.GE_Damage_BasicAttack_C'"",ProjectileClass=None)","","(TagName=""Unit.Faction.Friendly.Familiar"")","/Game/External_Assets/Monster/CupFelice/SKM_CupFelice.SKM_CupFelice","/Game/UI/Img/Img_Unit/","/Script/Engine.AnimBlueprintGeneratedClass'/Game/Blueprints/Characters/Familiar/CupFelice/ABP_CupFelice.ABP_CupFelice_C'","/Game/Blueprints/Characters/Familiar/CupFelice/AM_CupFelice_Damaged.AM_CupFelice_Damaged","/Game/Blueprints/Characters/Familiar/CupFelice/AM_CupFelice_Dead.AM_CupFelice_Dead"
DarumaNeko,"0.400000","(FXData=""/Game/Data/Assets/FamiliarFXAssets/Common/DA_FamiliarFX_Common_DarumaNeko.DA_FamiliarFX_Common_DarumaNeko"",BasicAttackTag=(TagName=""FX.Familiar.Common.DarumaNeko.BasicAttack""),BasicAttackHitTag=(TagName=""FX.Familiar.Common.DarumaNeko.BasicAttackHit""),HitTag=(TagName=""FX.Familiar.Common.DarumaNeko.Hit""),DeathTag=(TagName=""FX.Familiar.Common.DarumaNeko.Death""))","/Game/Blueprints/Characters/Familiar/DarumaNeko/AM_DarumaNeko_BasicAttack.AM_DarumaNeko_BasicAttack","","/Script/Engine.BlueprintGeneratedClass'/Game/Test/KMJ/AI/BP_MyAIController.BP_MyAIController_C'","/Game/Test/KMJ/AI/BT_Monster.BT_Monster","/Game/Test/KMJ/AI/BB_Monster.BB_Monster","(AbilityClass=""/Script/Engine.BlueprintGeneratedClass'/Game/GAS/Abilities/GA_AreaBasicAttack.GA_AreaBasicAttack_C'"",EffectClass=""/Script/Engine.BlueprintGeneratedClass'/Game/GAS/Effects/GE_Damage_BasicAttack.GE_Damage_BasicAttack_C'"",ProjectileClass=None)","","(TagName=""Unit.Faction.Friendly.Familiar"")","/Game/External_Assets/Monster/DarumaNeko/SKM_DarumaNeko.SKM_DarumaNeko","/Game/External_Assets/UI/Character/Icon_Monster/Icon_DarumaNeko.Icon_DarumaNeko","/Script/Engine.AnimBlueprintGeneratedClass'/Game/Blueprints/Characters/Familiar/DarumaNeko/ABP_DarumaNeko.ABP_DarumaNeko_C'","/Game/Blueprints/Characters/Familiar/DarumaNeko/AM_DarumaNeko_Damaged.AM_DarumaNeko_Damaged","/Game/Blueprints/Characters/Familiar/DarumaNeko/AM_DarumaNeko_Dead.AM_DarumaNeko_Dead"
FanOfDeath,"1.500000","(FXData=""/Game/Data/Assets/FamiliarFXAssets/Common/DA_FamiliarFX_Common_FanOfDeath.DA_FamiliarFX_Common_FanOfDeath"",BasicAttackTag=(TagName=""FX.Familiar.Common.FanOfDeath.BasicAttack""),BasicAttackHitTag=(TagName=""FX.Familiar.Common.FanOfDeath.BasicAttackHit""),HitTag=(TagName=""FX.Familiar.Common.FanOfDeath.Hit""),DeathTag=(TagName=""FX.Familiar.Common.FanOfDeath.Death""))","/Game/Blueprints/Characters/Familiar/FanOfDeath/AM_FanOfDeath_BasicAttack.AM_FanOfDeath_BasicAttack","","/Script/Engine.BlueprintGeneratedClass'/Game/Test/KMJ/AI/BP_MyAIController.BP_MyAIController_C'","/Game/Test/KMJ/AI/BT_Monster.BT_Monster","/Game/Test/KMJ/AI/BB_Monster.BB_Monster","(AbilityClass=""/Script/Engine.BlueprintGeneratedClass'/Game/GAS/Abilities/GA_AreaBasicAttack.GA_AreaBasicAttack_C'"",EffectClass=""/Script/Engine.BlueprintGeneratedClass'/Game/GAS/Effects/GE_Damage_BasicAttack.GE_Damage_BasicAttack_C'"",ProjectileClass=None)","","(TagName=""Unit.Faction.Friendly.Familiar"")","/Game/External_Assets/Monster/FanOfDeath/SKM_FanOfDeath.SKM_FanOfDeath","/Game/External_Assets/UI/Character/Icon_Monster/Icon_FanOfDeath.Icon_FanOfDeath","/Script/Engine.AnimBlueprintGeneratedClass'/Game/Blueprints/Characters/Familiar/FanOfDeath/ABP_FanOfDeath.ABP_FanOfDeath_C'","/Game/Blueprints/Characters/Familiar/FanOfDeath/AM_FanOfDeath_Damaged.AM_FanOfDeath_Damaged","/Game/Blueprints/Characters/Familiar/FanOfDeath/AM_FanOfDeath_Dead.AM_FanOfDeath_Dead"
Felice,"1.500000","(FXData=""/Game/Data/Assets/FamiliarFXAssets/Common/DA_FamiliarFX_Common_Felice.DA_FamiliarFX_Common_Felice"",BasicAttackTag=(TagName=""FX.Familiar.Common.Felice.BasicAttack""),BasicAttackHitTag=(TagName=""FX.Familiar.Common.Felice.BasicAttackHit""),HitTag=(TagName=""FX.Familiar.Common.Felice.Hit""),DeathTag=(TagName=""FX.Familiar.Common.Felice.Death""))","/Game/Blueprints/Characters/Familiar/Felice/AM_Felice_BasicAttack.AM_Felice_BasicAttack","","/Script/Engine.BlueprintGeneratedClass'/Game/Test/KMJ/AI/BP_MyAIController.BP_MyAIController_C'","/Game/Test/KMJ/AI/BT_Monster.BT_Monster","/Game/Test/KMJ/AI/BB_Monster.BB_Monster","(AbilityClass=""/Script/Engine.BlueprintGeneratedClass'/Game/GAS/Abilities/GA_AreaBasicAttack.GA_AreaBasicAttack_C'"",EffectClass=""/Script/Engine.BlueprintGeneratedClass'/Game/GAS/Effects/GE_Damage_BasicAttack.GE_Damage_BasicAttack_C'"",ProjectileClass=None)","","(TagName=""Unit.Faction.Friendly.Familiar"")","/Game/External_Assets/Monster/Felice/SKM_Felice.SKM_Felice","/Game/External_Assets/UI/Character/Icon_Monster/Icon_LordFelice.Icon_LordFelice","/Script/Engine.AnimBlueprintGeneratedClass'/Game/Blueprints/Characters/Familiar/Felice/ABP_Felice.ABP_Felice_C'","/Game/Blueprints/Characters/Familiar/Felice/AM_Felice_Damaged.AM_Felice_Damaged","/Game/Blueprints/Characters/Familiar/Felice/AM_Felice_Dead.AM_Felice_Dead"
Felicis,"1.000000","(FXData=""/Game/Data/Assets/FamiliarFXAssets/Common/DA_FamiliarFX_Common_Felicis.DA_FamiliarFX_Common_Felicis"",BasicAttackTag=(TagName=""FX.Familiar.Common.Felicis.BasicAttack""),BasicAttackHitTag=(TagName=""FX.Familiar.Common.Felicis.BasicAttackHit""),HitTag=(TagName=""FX.Familiar.Common.Felicis.Hit""),DeathTag=(TagName=""FX.Familiar.Common.Felicis.Death""))","/Game/Blueprints/Characters/Familiar/Felicis/AM_Felicis_BasicAttack.AM_Felicis_BasicAttack","","/Script/Engine.BlueprintGeneratedClass'/Game/Test/KMJ/AI/BP_MyAIController.BP_MyAIController_C'","/Game/Test/KMJ/AI/BT_Monster.BT_Monster","/Game/Test/KMJ/AI/BB_Monster.BB_Monster","(AbilityClass=""/Script/Engine.BlueprintGeneratedClass'/Game/GAS/Abilities/GA_AreaBasicAttack.GA_AreaBasicAttack_C'"",EffectClass=""/Script/Engine.BlueprintGeneratedClass'/Game/GAS/Effects/GE_Damage_BasicAttack.GE_Damage_BasicAttack_C'"",ProjectileClass=None)","","(TagName=""Unit.Faction.Friendly.Familiar"")","/Game/External_Assets/Monster/Felicis/SKM_Felicis.SKM_Felicis","/Game/External_Assets/UI/Character/Icon_Monster/Icon_Felicis.Icon_Felicis","/Script/Engine.AnimBlueprintGeneratedClass'/Game/Blueprints/Characters/Familiar/Felicis/ABP_Felicis.ABP_Felicis_C'","/Game/Blueprints/Characters/Familiar/Felicis/AM_Felicis_Damaged.AM_Felicis_Damaged","/Game/Blueprints/Characters/Familiar/Felicis/AM_Felicis_Dead.AM_Felicis_Dead"
FelicisGuard,"1.000000","(FXData=""/Game/Data/Assets/FamiliarFXAssets/Common/DA_FamiliarFX_Common_FelicisGuard.DA_FamiliarFX_Common_FelicisGuard"",BasicAttackTag=(TagName=""FX.Familiar.Common.FelicisGuard.BasicAttack""),BasicAttackHitTag=(TagName=""FX.Familiar.Common.FelicisGuard.BasicAttackHit""),HitTag=(TagName=""FX.Familiar.Common.FelicisGuard.Hit""),DeathTag=(TagName=""FX.Familiar.Common.FelicisGuard.Death""))","/Game/Blueprints/Characters/Familiar/FelicisGuard/AM_FelicisGuard_BasicAttack.AM_FelicisGuard_BasicAttack","","/Script/Engine.BlueprintGeneratedClass'/Game/Test/KMJ/AI/BP_MyAIController.BP_MyAIController_C'","/Game/Test/KMJ/AI/BT_Monster.BT_Monster","/Game/Test/KMJ/AI/BB_Monster.BB_Monster","(AbilityClass=""/Script/Engine.BlueprintGeneratedClass'/Game/GAS/Abilities/GA_AreaBasicAttack.GA_AreaBasicAttack_C'"",EffectClass=""/Script/Engine.BlueprintGeneratedClass'/Game/GAS/Effects/GE_Damage_BasicAttack.GE_Damage_BasicAttack_C'"",ProjectileClass=None)","","(TagName=""Unit.Faction.Friendly.Familiar"")","/Game/External_Assets/Monster/FelicisGuard/SKM_FelicisGuard.SKM_FelicisGuard","/Game/External_Assets/UI/Character/Icon_Monster/Icon_FelicisGuard.Icon_FelicisGuard","/Script/Engine.AnimBlueprintGeneratedClass'/Game/Blueprints/Characters/Familiar/FelicisGuard/ABP_FelicisGuard.ABP_FelicisGuard_C'","/Game/Blueprints/Characters/Familiar/FelicisGuard/AM_FelicisGuard_Damaged.AM_FelicisGuard_Damaged","/Game/Blueprints/Characters/Familiar/FelicisGuard/AM_FelicisGuard_Dead.AM_FelicisGuard_Dead"
Firefly,"1.000000","(FXData=""/Game/Data/Assets/FamiliarFXAssets/Common/DA_FamiliarFX_Common_Firefly.DA_FamiliarFX_Common_Firefly"",BasicAttackTag=(TagName=""FX.Familiar.Common.Firefly.BasicAttack""),BasicAttackHitTag=(TagName=""FX.Familiar.Common.Firefly.BasicAttackHit""),HitTag=(TagName=""FX.Familiar.Common.Firefly.Hit""),DeathTag=(TagName=""FX.Familiar.Common.Firefly.Death""))","/Game/Blueprints/Characters/Familiar/Firefly/AM_Firefly_BasicAttack.AM_Firefly_BasicAttack","","/Script/Engine.BlueprintGeneratedClass'/Game/Test/KMJ/AI/BP_MyAIController.BP_MyAIController_C'","/Game/Test/KMJ/AI/BT_Monster.BT_Monster","/Game/Test/KMJ/AI/BB_Monster.BB_Monster","(AbilityClass=""/Script/Engine.BlueprintGeneratedClass'/Game/GAS/Abilities/GA_AreaBasicAttack.GA_AreaBasicAttack_C'"",EffectClass=""/Script/Engine.BlueprintGeneratedClass'/Game/GAS/Effects/GE_Damage_BasicAttack.GE_Damage_BasicAttack_C'"",ProjectileClass=None)","","(TagName=""Unit.Faction.Friendly.Familiar"")","/Game/External_Assets/Monster/Firefly/SKM_Firefly.SKM_Firefly","/Game/External_Assets/UI/Character/Icon_Monster/Icon_Firefly.Icon_Firefly","/Script/Engine.AnimBlueprintGeneratedClass'/Game/Blueprints/Characters/Familiar/Firefly/ABP_Firefly.ABP_Firefly_C'","/Game/Blueprints/Characters/Familiar/Firefly/AM_Firefly_Damaged.AM_Firefly_Damaged","/Game/Blueprints/Characters/Familiar/Firefly/AM_Firefly_Dead.AM_Firefly_Dead"
Fly,"1.500000","(FXData=""/Game/Data/Assets/FamiliarFXAssets/Common/DA_FamiliarFX_Common_Fly.DA_FamiliarFX_Common_Fly"",BasicAttackTag=(TagName=""FX.Familiar.Common.Fly.BasicAttack""),BasicAttackHitTag=(TagName=""FX.Familiar.Common.Fly.BasicAttackHit""),HitTag=(TagName=""FX.Familiar.Common.Fly.Hit""),DeathTag=(TagName=""FX.Familiar.Common.Fly.Death""))","/Game/Blueprints/Characters/Familiar/Fly/AM_Fly_BasicAttack.AM_Fly_BasicAttack","","/Script/Engine.BlueprintGeneratedClass'/Game/Test/KMJ/AI/BP_MyAIController.BP_MyAIController_C'","/Game/Test/KMJ/AI/BT_Monster.BT_Monster","/Game/Test/KMJ/AI/BB_Monster.BB_Monster","(AbilityClass=""/Script/Engine.BlueprintGeneratedClass'/Game/GAS/Abilities/GA_ProjectileBasicAttack.GA_ProjectileBasicAttack_C'"",EffectClass=""/Script/Engine.BlueprintGeneratedClass'/Game/GAS/Effects/GE_Damage_BasicAttack.GE_Damage_BasicAttack_C'"",ProjectileClass=""/Script/Engine.BlueprintGeneratedClass'/Game/Blueprints/Object/Projectile/BP_Bullet.BP_Bullet_C'"")","","(TagName=""Unit.Faction.Friendly.Familiar"")","/Game/External_Assets/Monster/Fly/SKM_Fly.SKM_Fly","/Game/External_Assets/UI/Character/Icon_Monster/Icon_Fly.Icon_Fly","/Script/Engine.AnimBlueprintGeneratedClass'/Game/Blueprints/Characters/Familiar/Fly/ABP_Fly.ABP_Fly_C'","/Game/Blueprints/Characters/Familiar/Fly/AM_Fly_Damaged.AM_Fly_Damaged","/Game/Blueprints/Characters/Familiar/Fly/AM_Fly_Dead.AM_Fly_Dead"
ForestMacaron,"1.300000","(FXData=""/Game/Data/Assets/FamiliarFXAssets/Common/DA_FamiliarFX_Common_ForestMacaron.DA_FamiliarFX_Common_ForestMacaron"",BasicAttackTag=(TagName=""FX.Familiar.Common.ForestMacaron.BasicAttack""),BasicAttackHitTag=(TagName=""FX.Familiar.Common.ForestMacaron.BasicAttackHit""),HitTag=(TagName=""FX.Familiar.Common.ForestMacaron.Hit""),DeathTag=(TagName=""FX.Familiar.Common.ForestMacaron.Death""))","/Game/Blueprints/Characters/Familiar/ForestMacaron/AM_ForestMacarom_BasicAttack.AM_ForestMacarom_BasicAttack","","/Script/Engine.BlueprintGeneratedClass'/Game/Test/KMJ/AI/BP_MyAIController.BP_MyAIController_C'","/Game/Test/KMJ/AI/BT_Monster.BT_Monster","/Game/Test/KMJ/AI/BB_Monster.BB_Monster","(AbilityClass=""/Script/Engine.BlueprintGeneratedClass'/Game/GAS/Abilities/GA_AreaBasicAttack.GA_AreaBasicAttack_C'"",EffectClass=""/Script/Engine.BlueprintGeneratedClass'/Game/GAS/Effects/GE_Damage_BasicAttack.GE_Damage_BasicAttack_C'"",ProjectileClass=None)","","(TagName=""Unit.Faction.Friendly.Familiar"")","/Game/External_Assets/Monster/ForestMacaron/SKM_ForestMacaron.SKM_ForestMacaron","None","/Script/Engine.AnimBlueprintGeneratedClass'/Game/Blueprints/Characters/Familiar/ForestMacaron/ABP_ForestMacaron.ABP_ForestMacaron_C'","/Game/Blueprints/Characters/Familiar/ForestMacaron/AM_ForestMacarom_Damaged.AM_ForestMacarom_Damaged","/Game/Blueprints/Characters/Familiar/ForestMacaron/AM_ForestMacarom_Dead.AM_ForestMacarom_Dead"
ForestSpirit,"1.000000","(FXData=""/Game/Data/Assets/FamiliarFXAssets/Common/DA_FamiliarFX_Common_ForestSpirit.DA_FamiliarFX_Common_ForestSpirit"",BasicAttackTag=(TagName=""FX.Familiar.Common.ForestSpirit.BasicAttack""),BasicAttackHitTag=(TagName=""FX.Familiar.Common.ForestSpirit.BasicAttackHit""),HitTag=(TagName=""FX.Familiar.Common.ForestSpirit.Hit""),DeathTag=(TagName=""FX.Familiar.Common.ForestSpirit.Death""))","/Game/Blueprints/Characters/Familiar/ForestSpirit/AM_ForestSpirit_BasicAttack.AM_ForestSpirit_BasicAttack","","/Script/Engine.BlueprintGeneratedClass'/Game/Test/KMJ/AI/BP_MyAIController.BP_MyAIController_C'","/Game/Test/KMJ/AI/BT_Monster.BT_Monster","/Game/Test/KMJ/AI/BB_Monster.BB_Monster","(AbilityClass=""/Script/Engine.BlueprintGeneratedClass'/Game/GAS/Abilities/GA_ProjectileBasicAttack.GA_ProjectileBasicAttack_C'"",EffectClass=""/Script/Engine.BlueprintGeneratedClass'/Game/GAS/Effects/GE_Damage_BasicAttack.GE_Damage_BasicAttack_C'"",ProjectileClass=""/Script/Engine.BlueprintGeneratedClass'/Game/Blueprints/Object/Projectile/BP_Bullet.BP_Bullet_C'"")","","(TagName=""Unit.Faction.Friendly.Familiar"")","/Game/External_Assets/Monster/ForestSpirit/SKM_ForestSpirit.SKM_ForestSpirit","/Game/External_Assets/UI/Icon/Icon_ProfileFrame/Icon_Forest_Frame.Icon_Forest_Frame","/Script/Engine.AnimBlueprintGeneratedClass'/Game/Blueprints/Characters/Familiar/ForestSpirit/ABP_ForestSpirit.ABP_ForestSpirit_C'","/Game/Blueprints/Characters/Familiar/ForestSpirit/AM_ForestSpirit_Damaged.AM_ForestSpirit_Damaged","/Game/Blueprints/Characters/Familiar/ForestSpirit/AM_ForestSpirit_Dead.AM_ForestSpirit_Dead"
Foxhound,"1.000000","(FXData=""/Game/Data/Assets/FamiliarFXAssets/Common/DA_FamiliarFX_Common_Foxhound.DA_FamiliarFX_Common_Foxhound"",BasicAttackTag=(TagName=""FX.Familiar.Common.Foxhound.BasicAttack""),BasicAttackHitTag=(TagName=""FX.Familiar.Common.Foxhound.BasicAttackHit""),HitTag=(TagName=""FX.Familiar.Common.Foxhound.Hit""),DeathTag=(TagName=""FX.Familiar.Common.Foxhound.Death""))","/Game/Blueprints/Characters/Familiar/Foxhound/AM_Foxhound_Attack.AM_Foxhound_Attack","","/Script/Engine.BlueprintGeneratedClass'/Game/Test/KMJ/AI/BP_MyAIController.BP_MyAIController_C'","/Game/Test/KMJ/AI/BT_Monster.BT_Monster","/Game/Test/KMJ/AI/BB_Monster.BB_Monster","(AbilityClass=None,EffectClass=None,ProjectileClass=None)","","(TagName=""Unit.Faction.Friendly.Familiar"")","/Game/External_Assets/Monster/Foxhound/SKM_Foxhound.SKM_Foxhound","/Game/External_Assets/UI/Character/Icon_Monster/Icon_FoxHound.Icon_FoxHound","/Script/Engine.AnimBlueprintGeneratedClass'/Game/Blueprints/Characters/Familiar/Foxhound/ABP_Foxhound.ABP_Foxhound_C'","/Game/Blueprints/Characters/Familiar/Foxhound/AM_Foxhound_Damage.AM_Foxhound_Damage","/Game/Blueprints/Characters/Familiar/Foxhound/AM_Foxhound_Dead.AM_Foxhound_Dead"
GoldMacaron,"1.300000","(FXData=""/Game/Data/Assets/FamiliarFXAssets/Common/DA_FamiliarFX_Common_GoldMacaron.DA_FamiliarFX_Common_GoldMacaron"",BasicAttackTag=(TagName=""FX.Familiar.Common.GoldMacaron.BasicAttack""),BasicAttackHitTag=(TagName=""FX.Familiar.Common.GoldMacaron.BasicAttackHit""),HitTag=(TagName=""FX.Familiar.Common.GoldMacaron.Hit""),DeathTag=(TagName=""FX.Familiar.Common.GoldMacaron.Death""))","/Game/Blueprints/Characters/Familiar/GoldMacaron/AM_GoldMacaron_BasicAttack.AM_GoldMacaron_BasicAttack","","/Script/Engine.BlueprintGeneratedClass'/Game/Test/KMJ/AI/BP_MyAIController.BP_MyAIController_C'","/Game/Test/KMJ/AI/BT_Monster.BT_Monster","/Game/Test/KMJ/AI/BB_Monster.BB_Monster","(AbilityClass=""/Script/Engine.BlueprintGeneratedClass'/Game/GAS/Abilities/GA_AreaBasicAttack.GA_AreaBasicAttack_C'"",EffectClass=""/Script/Engine.BlueprintGeneratedClass'/Game/GAS/Effects/GE_Damage_BasicAttack.GE_Damage_BasicAttack_C'"",ProjectileClass=None)","","(TagName=""Unit.Faction.Friendly.Familiar"")","/Game/External_Assets/Monster/GoldMacaron/SKM_Gold_Macaron.SKM_Gold_Macaron","/Game/External_Assets/UI/Character/Icon_Monster/Icon_GoldMacaron.Icon_GoldMacaron","/Script/Engine.AnimBlueprintGeneratedClass'/Game/Blueprints/Characters/Familiar/GoldMacaron/ABP_GoldMacaron.ABP_GoldMacaron_C'","/Game/Blueprints/Characters/Familiar/GoldMacaron/AM_GoldMacaron_Damaged.AM_GoldMacaron_Damaged","/Game/Blueprints/Characters/Familiar/GoldMacaron/AM_GoldMacaron_Dead.AM_GoldMacaron_Dead"
Golem,"0.800000","(FXData=""/Game/Data/Assets/FamiliarFXAssets/Common/DA_FamiliarFX_Common_Golem.DA_FamiliarFX_Common_Golem"",BasicAttackTag=(TagName=""FX.Familiar.Common.Golem.BasicAttack""),BasicAttackHitTag=(TagName=""FX.Familiar.Common.Golem.BasicAttackHit""),HitTag=(TagName=""FX.Familiar.Common.Golem.Hit""),DeathTag=(TagName=""FX.Familiar.Common.Golem.Death""))","/Game/Blueprints/Characters/Familiar/Golem/AM_Golem_BasicAttack.AM_Golem_BasicAttack","","/Script/Engine.BlueprintGeneratedClass'/Game/Test/KMJ/AI/BP_MyAIController.BP_MyAIController_C'","/Game/Test/KMJ/AI/BT_Monster.BT_Monster","/Game/Test/KMJ/AI/BB_Monster.BB_Monster","(AbilityClass=""/Script/Engine.BlueprintGeneratedClass'/Game/GAS/Abilities/GA_AreaBasicAttack.GA_AreaBasicAttack_C'"",EffectClass=""/Script/Engine.BlueprintGeneratedClass'/Game/GAS/Effects/GE_Damage_BasicAttack.GE_Damage_BasicAttack_C'"",ProjectileClass=None)","","(TagName=""Unit.Faction.Friendly.Familiar"")","/Game/External_Assets/Monster/Golem/SKM_Golem_A.SKM_Golem_A","/Game/External_Assets/UI/Character/Icon_Monster/Icon_Golem.Icon_Golem","/Script/Engine.AnimBlueprintGeneratedClass'/Game/Blueprints/Characters/Familiar/Golem/ABP_Golem.ABP_Golem_C'","/Game/Blueprints/Characters/Familiar/Golem/AM_Golem_Damaged.AM_Golem_Damaged","/Game/Blueprints/Characters/Familiar/Golem/AM_Golem_Dead.AM_Golem_Dead"
GuardianTreantMini,"0.800000","(FXData=""/Game/Data/Assets/FamiliarFXAssets/Common/DA_FamiliarFX_Common_GuardianTreantMini.DA_FamiliarFX_Common_GuardianTreantMini"",BasicAttackTag=(TagName=""FX.Familiar.Common.GuardianTreantMini.BasicAttack""),BasicAttackHitTag=(TagName=""FX.Familiar.Common.GuardianTreantMini.BasicAttackHit""),HitTag=(TagName=""FX.Familiar.Common.GuardianTreantMini.Hit""),DeathTag=(TagName=""FX.Familiar.Common.GuardianTreantMini.Death""))","/Game/Blueprints/Characters/Familiar/GuardianTreantMini/AM_GuardianTreantMini_BasicAttack.AM_GuardianTreantMini_BasicAttack","","/Script/Engine.BlueprintGeneratedClass'/Game/Test/KMJ/AI/BP_MyAIController.BP_MyAIController_C'","/Game/Test/KMJ/AI/BT_Monster.BT_Monster","/Game/Test/KMJ/AI/BB_Monster.BB_Monster","(AbilityClass=""/Script/Engine.BlueprintGeneratedClass'/Game/GAS/Abilities/GA_AreaBasicAttack.GA_AreaBasicAttack_C'"",EffectClass=""/Script/Engine.BlueprintGeneratedClass'/Game/GAS/Effects/GE_Damage_BasicAttack.GE_Damage_BasicAttack_C'"",ProjectileClass=None)","","(TagName=""Unit.Faction.Friendly.Familiar"")","/Game/External_Assets/Monster/GuardianTreantMini/SKM_GuardianTreantMini.SKM_GuardianTreantMini","/Game/External_Assets/UI/Character/Icon_Monster/Icon_GuardianTreantMini.Icon_GuardianTreantMini","/Script/Engine.AnimBlueprintGeneratedClass'/Game/Blueprints/Characters/Familiar/GuardianTreantMini/ABP_GuardianTreantMini.ABP_GuardianTreantMini_C'","/Game/Blueprints/Characters/Familiar/GuardianTreantMini/AM_GuardianTreantMini_Damaged.AM_GuardianTreantMini_Damaged","/Game/Blueprints/Characters/Familiar/GuardianTreantMini/AM_GuardianTreantMini_Dead.AM_GuardianTreantMini_Dead"
Imp,"1.000000","(FXData=""/Game/Data/Assets/FamiliarFXAssets/Common/DA_FamiliarFX_Common_Imp.DA_FamiliarFX_Common_Imp"",BasicAttackTag=(TagName=""FX.Familiar.Common.Imp.BasicAttack""),BasicAttackHitTag=(TagName=""FX.Familiar.Common.Imp.BasicAttackHit""),HitTag=(TagName=""FX.Familiar.Common.Imp.Hit""),DeathTag=(TagName=""FX.Familiar.Common.Imp.Death""))","/Game/Blueprints/Characters/Familiar/Imp/AM_Imp_BasicAttack.AM_Imp_BasicAttack","","/Script/Engine.BlueprintGeneratedClass'/Game/Test/KMJ/AI/BP_MyAIController.BP_MyAIController_C'","/Game/Test/KMJ/AI/BT_Monster.BT_Monster","/Game/Test/KMJ/AI/BB_Monster.BB_Monster","(AbilityClass=""/Script/Engine.BlueprintGeneratedClass'/Game/GAS/Abilities/GA_ProjectileBasicAttack.GA_ProjectileBasicAttack_C'"",EffectClass=""/Script/Engine.BlueprintGeneratedClass'/Game/GAS/Effects/GE_Damage_BasicAttack.GE_Damage_BasicAttack_C'"",ProjectileClass=""/Script/Engine.BlueprintGeneratedClass'/Game/Blueprints/Object/Projectile/BP_Bullet.BP_Bullet_C'"")","","(TagName=""Unit.Faction.Friendly.Familiar"")","/Game/External_Assets/Monster/Imp/SKM_Imp.SKM_Imp","/Game/External_Assets/UI/Character/Icon_Monster/Icon_Imp.Icon_Imp","/Script/Engine.AnimBlueprintGeneratedClass'/Game/Blueprints/Characters/Familiar/Imp/ABP_Imp.ABP_Imp_C'","/Game/Blueprints/Characters/Familiar/Imp/AM_Imp_Damaged.AM_Imp_Damaged","/Game/Blueprints/Characters/Familiar/Imp/AM_Imp_Dead.AM_Imp_Dead"
Leech,"1.200000","(FXData=""/Game/Data/Assets/FamiliarFXAssets/Common/DA_FamiliarFX_Common_Leech.DA_FamiliarFX_Common_Leech"",BasicAttackTag=(TagName=""FX.Familiar.Common.Leech.BasicAttack""),BasicAttackHitTag=(TagName=""FX.Familiar.Common.Leech.BasicAttackHit""),HitTag=(TagName=""FX.Familiar.Common.Leech.Hit""),DeathTag=(TagName=""FX.Familiar.Common.Leech.Death""))","/Game/Blueprints/Characters/Familiar/Leech/AM_Leech_BasicAttack.AM_Leech_BasicAttack","","/Script/Engine.BlueprintGeneratedClass'/Game/Test/KMJ/AI/BP_MyAIController.BP_MyAIController_C'","/Game/Test/KMJ/AI/BT_Monster.BT_Monster","/Game/Test/KMJ/AI/BB_Monster.BB_Monster","(AbilityClass=""/Script/Engine.BlueprintGeneratedClass'/Game/GAS/Abilities/GA_ProjectileBasicAttack.GA_ProjectileBasicAttack_C'"",EffectClass=""/Script/Engine.BlueprintGeneratedClass'/Game/GAS/Effects/GE_Damage_BasicAttack.GE_Damage_BasicAttack_C'"",ProjectileClass=""/Script/Engine.BlueprintGeneratedClass'/Game/Blueprints/Object/Projectile/BP_Bullet.BP_Bullet_C'"")","","(TagName=""Unit.Faction.Friendly.Familiar"")","/Game/External_Assets/Monster/Leech/SKM_Leech.SKM_Leech","/Game/External_Assets/UI/Character/Icon_Monster/Icon_Boss_Leech_D.Icon_Boss_Leech_D","/Script/Engine.AnimBlueprintGeneratedClass'/Game/Blueprints/Characters/Familiar/Leech/ABP_Leech.ABP_Leech_C'","/Game/Blueprints/Characters/Familiar/Leech/AM_Leech_Damaged.AM_Leech_Damaged","/Game/Blueprints/Characters/Familiar/Leech/AM_Leech_Dead.AM_Leech_Dead"
Macaron,"1.300000","(FXData=""/Game/Data/Assets/FamiliarFXAssets/Common/DA_FamiliarFX_Common_Macaron.DA_FamiliarFX_Common_Macaron"",BasicAttackTag=(TagName=""FX.Familiar.Common.Macaron.BasicAttack""),BasicAttackHitTag=(TagName=""FX.Familiar.Common.Macaron.BasicAttackHit""),HitTag=(TagName=""FX.Familiar.Common.Macaron.Hit""),DeathTag=(TagName=""FX.Familiar.Common.Macaron.Death""))","/Game/Blueprints/Characters/Familiar/Macaron/AM_Macaron_BasicAttack.AM_Macaron_BasicAttack","","/Script/Engine.BlueprintGeneratedClass'/Game/Test/KMJ/AI/BP_MyAIController.BP_MyAIController_C'","/Game/Test/KMJ/AI/BT_Monster.BT_Monster","/Game/Test/KMJ/AI/BB_Monster.BB_Monster","(AbilityClass=""/Script/Engine.BlueprintGeneratedClass'/Game/GAS/Abilities/GA_AreaBasicAttack.GA_AreaBasicAttack_C'"",EffectClass=""/Script/Engine.BlueprintGeneratedClass'/Game/GAS/Effects/GE_Damage_BasicAttack.GE_Damage_BasicAttack_C'"",ProjectileClass=None)","","(TagName=""Unit.Faction.Friendly.Familiar"")","/Game/External_Assets/Monster/Macaron/SKM_Macaron.SKM_Macaron","/Game/External_Assets/UI/Character/Icon_Monster/Icon_Macaron.Icon_Macaron","/Script/Engine.AnimBlueprintGeneratedClass'/Game/Blueprints/Characters/Familiar/Macaron/ABP_Macaron.ABP_Macaron_C'","/Game/Blueprints/Characters/Familiar/Macaron/AM_Macaron_Damaged.AM_Macaron_Damaged","/Game/Blueprints/Characters/Familiar/Macaron/AM_Macaron_Dead.AM_Macaron_Dead"
MageMacaron,"1.400000","(FXData=""/Game/Data/Assets/FamiliarFXAssets/Common/DA_FamiliarFX_Common_MageMacaron.DA_FamiliarFX_Common_MageMacaron"",BasicAttackTag=(TagName=""FX.Familiar.Common.MageMacaron.BasicAttack""),BasicAttackHitTag=(TagName=""FX.Familiar.Common.MageMacaron.BasicAttackHit""),HitTag=(TagName=""FX.Familiar.Common.MageMacaron.Hit""),DeathTag=(TagName=""FX.Familiar.Common.MageMacaron.Death""))","/Game/Blueprints/Characters/Familiar/MageMacaron/AM_MageMacaron_BasicAttack.AM_MageMacaron_BasicAttack","","/Script/Engine.BlueprintGeneratedClass'/Game/Test/KMJ/AI/BP_MyAIController.BP_MyAIController_C'","/Game/Test/KMJ/AI/BT_Monster.BT_Monster","/Game/Test/KMJ/AI/BB_Monster.BB_Monster","(AbilityClass=""/Script/Engine.BlueprintGeneratedClass'/Game/GAS/Abilities/GA_AreaBasicAttack.GA_AreaBasicAttack_C'"",EffectClass=""/Script/Engine.BlueprintGeneratedClass'/Game/GAS/Effects/GE_Damage_BasicAttack.GE_Damage_BasicAttack_C'"",ProjectileClass=None)","","(TagName=""Unit.Faction.Friendly.Familiar"")","/Game/External_Assets/Monster/MageMacaron/SKM_MageMacaron.SKM_MageMacaron","/Game/External_Assets/UI/Character/Icon_Monster/Icon_MageMacaron.Icon_MageMacaron","/Script/Engine.AnimBlueprintGeneratedClass'/Game/Blueprints/Characters/Familiar/MageMacaron/ABP_MageMacaron.ABP_MageMacaron_C'","/Game/Blueprints/Characters/Familiar/MageMacaron/AM_MageMacaron_Damaged.AM_MageMacaron_Damaged","/Game/Blueprints/Characters/Familiar/MageMacaron/AM_MageMacaron_Dead.AM_MageMacaron_Dead"
MagicPot,"0.300000","(FXData=""/Game/Data/Assets/FamiliarFXAssets/Common/DA_FamiliarFX_Common_MagicPot.DA_FamiliarFX_Common_MagicPot"",BasicAttackTag=(TagName=""FX.Familiar.Common.MagicPot.BasicAttack""),BasicAttackHitTag=(TagName=""FX.Familiar.Common.MagicPot.BasicAttackHit""),HitTag=(TagName=""FX.Familiar.Common.MagicPot.Hit""),DeathTag=(TagName=""FX.Familiar.Common.MagicPot.Death""))","/Game/Blueprints/Characters/Familiar/MagicPot/AM_MagicPot_BasicAttack.AM_MagicPot_BasicAttack","","/Script/Engine.BlueprintGeneratedClass'/Game/Test/KMJ/AI/BP_MyAIController.BP_MyAIController_C'","/Game/Test/KMJ/AI/BT_Monster.BT_Monster","/Game/Test/KMJ/AI/BB_Monster.BB_Monster","(AbilityClass=""/Script/Engine.BlueprintGeneratedClass'/Game/GAS/Abilities/GA_AreaBasicAttack.GA_AreaBasicAttack_C'"",EffectClass=""/Script/Engine.BlueprintGeneratedClass'/Game/GAS/Effects/GE_Damage_BasicAttack.GE_Damage_BasicAttack_C'"",ProjectileClass=None)","","(TagName=""Unit.Faction.Friendly.Familiar"")","/Game/External_Assets/Monster/MagicPot/SKM_MagicPot.SKM_MagicPot","/Game/External_Assets/UI/Character/Icon_Monster/Icon_MagicPot.Icon_MagicPot","/Script/Engine.AnimBlueprintGeneratedClass'/Game/Blueprints/Characters/Familiar/MagicPot/ABP_MagicPot.ABP_MagicPot_C'","/Game/Blueprints/Characters/Familiar/MagicPot/AM_MagicPot_Damaged.AM_MagicPot_Damaged","/Game/Blueprints/Characters/Familiar/MagicPot/AM_MagicPot_Dead.AM_MagicPot_Dead"
Messenger,"1.500000","(FXData=""/Game/Data/Assets/FamiliarFXAssets/Common/DA_FamiliarFX_Common_Messenger.DA_FamiliarFX_Common_Messenger"",BasicAttackTag=(TagName=""FX.Familiar.Common.Messenger.BasicAttack""),BasicAttackHitTag=(TagName=""FX.Familiar.Common.Messenger.BasicAttackHit""),HitTag=(TagName=""FX.Familiar.Common.Messenger.Hit""),DeathTag=(TagName=""FX.Familiar.Common.Messenger.Death""))","/Game/Blueprints/Characters/Familiar/Messenger/AM_Messenger_BasicAttack.AM_Messenger_BasicAttack","","/Script/Engine.BlueprintGeneratedClass'/Game/Test/KMJ/AI/BP_MyAIController.BP_MyAIController_C'","/Game/Test/KMJ/AI/BT_Monster.BT_Monster","/Game/Test/KMJ/AI/BB_Monster.BB_Monster","(AbilityClass=""/Script/Engine.BlueprintGeneratedClass'/Game/GAS/Abilities/GA_AreaBasicAttack.GA_AreaBasicAttack_C'"",EffectClass=""/Script/Engine.BlueprintGeneratedClass'/Game/GAS/Effects/GE_Damage_BasicAttack.GE_Damage_BasicAttack_C'"",ProjectileClass=None)","","(TagName=""Unit.Faction.Friendly.Familiar"")","/Game/External_Assets/Monster/Messenger/SKM_Messenger.SKM_Messenger","/Game/External_Assets/UI/Character/Icon_Monster/Icon_Messenger.Icon_Messenger","/Script/Engine.AnimBlueprintGeneratedClass'/Game/Blueprints/Characters/Familiar/Messenger/ABP_Messenger.ABP_Messenger_C'","/Game/Blueprints/Characters/Familiar/Messenger/AM_Messenger_Damaged.AM_Messenger_Damaged","/Game/Blueprints/Characters/Familiar/Messenger/AM_Messenger_Dead.AM_Messenger_Dead"
MinimiNeko,"0.600000","(FXData=""/Game/Data/Assets/FamiliarFXAssets/Common/DA_FamiliarFX_Common_MinimiNeko.DA_FamiliarFX_Common_MinimiNeko"",BasicAttackTag=(TagName=""FX.Familiar.Common.MinimiNeko.BasicAttack""),BasicAttackHitTag=(TagName=""FX.Familiar.Common.MinimiNeko.BasicAttackHit""),HitTag=(TagName=""FX.Familiar.Common.MinimiNeko.Hit""),DeathTag=(TagName=""FX.Familiar.Common.MinimiNeko.Death""))","/Game/Blueprints/Characters/Familiar/MinimiNeko/AM_MinimiNeko_BasicAttack.AM_MinimiNeko_BasicAttack","","/Script/Engine.BlueprintGeneratedClass'/Game/Test/KMJ/AI/BP_MyAIController.BP_MyAIController_C'","/Game/Test/KMJ/AI/BT_Monster.BT_Monster","/Game/Test/KMJ/AI/BB_Monster.BB_Monster","(AbilityClass=""/Script/Engine.BlueprintGeneratedClass'/Game/GAS/Abilities/GA_AreaBasicAttack.GA_AreaBasicAttack_C'"",EffectClass=""/Script/Engine.BlueprintGeneratedClass'/Game/GAS/Effects/GE_Damage_BasicAttack.GE_Damage_BasicAttack_C'"",ProjectileClass=None)","","(TagName=""Unit.Faction.Friendly.Familiar"")","/Game/External_Assets/Monster/MinimiNeko/SKM_MinimiNeko.SKM_MinimiNeko","/Game/External_Assets/UI/Character/Icon_Monster/Icon_MinimiNeko.Icon_MinimiNeko","/Script/Engine.AnimBlueprintGeneratedClass'/Game/Blueprints/Characters/Familiar/MinimiNeko/ABP_MinimiNeko.ABP_MinimiNeko_C'","/Game/Blueprints/Characters/Familiar/MinimiNeko/AM_MinimiNeko_Damaged.AM_MinimiNeko_Damaged","/Game/Blueprints/Characters/Familiar/MinimiNeko/AM_MinimiNeko_Dead.AM_MinimiNeko_Dead"
MummyMacaron,"1.400000","(FXData=""/Game/Data/Assets/FamiliarFXAssets/Common/DA_FamiliarFX_Common_MummyMacaron.DA_FamiliarFX_Common_MummyMacaron"",BasicAttackTag=(TagName=""FX.Familiar.Common.MummyMacaron.BasicAttack""),BasicAttackHitTag=(TagName=""FX.Familiar.Common.MummyMacaron.BasicAttackHit""),HitTag=(TagName=""FX.Familiar.Common.MummyMacaron.Hit""),DeathTag=(TagName=""FX.Familiar.Common.MummyMacaron.Death""))","/Game/Blueprints/Characters/Familiar/MummyMacaron/AM_MummyMacaron_BasicAttack.AM_MummyMacaron_BasicAttack","","/Script/Engine.BlueprintGeneratedClass'/Game/Test/KMJ/AI/BP_MyAIController.BP_MyAIController_C'","/Game/Test/KMJ/AI/BT_Monster.BT_Monster","/Game/Test/KMJ/AI/BB_Monster.BB_Monster","(AbilityClass=""/Script/Engine.BlueprintGeneratedClass'/Game/GAS/Abilities/GA_AreaBasicAttack.GA_AreaBasicAttack_C'"",EffectClass=""/Script/Engine.BlueprintGeneratedClass'/Game/GAS/Effects/GE_Damage_BasicAttack.GE_Damage_BasicAttack_C'"",ProjectileClass=None)","","(TagName=""Unit.Faction.Friendly.Familiar"")","/Game/External_Assets/Monster/MummyMacaron/SKM_MummyMacaron_A.SKM_MummyMacaron_A","/Game/External_Assets/UI/Character/Icon_Monster/Icon_MummyMacaron.Icon_MummyMacaron","/Script/Engine.AnimBlueprintGeneratedClass'/Game/Blueprints/Characters/Familiar/MummyMacaron/ABP_MummyMacaron.ABP_MummyMacaron_C'","/Game/Blueprints/Characters/Familiar/MummyMacaron/AM_MummyMacaron_Damaged.AM_MummyMacaron_Damaged","/Game/Blueprints/Characters/Familiar/MummyMacaron/AM_MummyMacaron_Dead.AM_MummyMacaron_Dead"
Mushroom,"1.200000","(FXData=""/Game/Data/Assets/FamiliarFXAssets/Common/DA_FamiliarFX_Common_Mushroom.DA_FamiliarFX_Common_Mushroom"",BasicAttackTag=(TagName=""FX.Familiar.Common.Mushroom.BasicAttack""),BasicAttackHitTag=(TagName=""FX.Familiar.Common.Mushroom.BasicAttackHit""),HitTag=(TagName=""FX.Familiar.Common.Mushroom.Hit""),DeathTag=(TagName=""FX.Familiar.Common.Mushroom.Death""))","/Game/Blueprints/Characters/Familiar/Mushroom/AM_Mushroom_BasicAttack.AM_Mushroom_BasicAttack","","/Script/Engine.BlueprintGeneratedClass'/Game/Test/KMJ/AI/BP_MyAIController.BP_MyAIController_C'","/Game/Test/KMJ/AI/BT_Monster.BT_Monster","/Game/Test/KMJ/AI/BB_Monster.BB_Monster","(AbilityClass=""/Script/Engine.BlueprintGeneratedClass'/Game/GAS/Abilities/GA_AreaBasicAttack.GA_AreaBasicAttack_C'"",EffectClass=""/Script/Engine.BlueprintGeneratedClass'/Game/GAS/Effects/GE_Damage_BasicAttack.GE_Damage_BasicAttack_C'"",ProjectileClass=None)","","(TagName=""Unit.Faction.Friendly.Familiar"")","/Game/External_Assets/Monster/Mushroom/SKM_Mushroom_A.SKM_Mushroom_A","/Game/External_Assets/UI/Character/Icon_Monster/Icon_Mushroom.Icon_Mushroom","/Script/Engine.AnimBlueprintGeneratedClass'/Game/Blueprints/Characters/Familiar/Mushroom/ABP_Mushroom.ABP_Mushroom_C'","/Game/Blueprints/Characters/Familiar/Mushroom/AM_Mushroom_Damaged.AM_Mushroom_Damaged","/Game/Blueprints/Characters/Familiar/Mushroom/AM_Mushroom_Dead.AM_Mushroom_Dead"
NetherConnector,"1.500000","(FXData=""/Game/Data/Assets/FamiliarFXAssets/Common/DA_FamiliarFX_Common_NetherConnector.DA_FamiliarFX_Common_NetherConnector"",BasicAttackTag=(TagName=""FX.Familiar.Common.NetherConnector.BasicAttack""),BasicAttackHitTag=(TagName=""FX.Familiar.Common.NetherConnector.BasicAttackHit""),HitTag=(TagName=""FX.Familiar.Common.NetherConnector.Hit""),DeathTag=(TagName=""FX.Familiar.Common.NetherConnector.Death""))","/Game/Blueprints/Characters/Familiar/NetherConnector/AM_NetherConnector_BasicAttack.AM_NetherConnector_BasicAttack","","/Script/Engine.BlueprintGeneratedClass'/Game/Test/KMJ/AI/BP_MyAIController.BP_MyAIController_C'","/Game/Test/KMJ/AI/BT_Monster.BT_Monster","/Game/Test/KMJ/AI/BB_Monster.BB_Monster","(AbilityClass=""/Script/Engine.BlueprintGeneratedClass'/Game/GAS/Abilities/GA_ProjectileBasicAttack.GA_ProjectileBasicAttack_C'"",EffectClass=""/Script/Engine.BlueprintGeneratedClass'/Game/GAS/Effects/GE_Damage_BasicAttack.GE_Damage_BasicAttack_C'"",ProjectileClass=""/Script/Engine.BlueprintGeneratedClass'/Game/Blueprints/Object/Projectile/BP_Bullet.BP_Bullet_C'"")","","(TagName=""Unit.Faction.Friendly.Familiar"")","/Game/External_Assets/Monster/NetherConnector/SKM_NetherConnector.SKM_NetherConnector","/Game/External_Assets/UI/Character/Icon_Monster/Icon_NetherConnector.Icon_NetherConnector","/Script/Engine.AnimBlueprintGeneratedClass'/Game/Blueprints/Characters/Familiar/NetherConnector/ABP_NetherConnector.ABP_NetherConnector_C'","/Game/Blueprints/Characters/Familiar/NetherConnector/AM_NetherConnector_Damaged.AM_NetherConnector_Damaged","/Game/Blueprints/Characters/Familiar/NetherConnector/AM_NetherConnector_Dead.AM_NetherConnector_Dead"
Oowl,"1.200000","(FXData=""/Game/Data/Assets/FamiliarFXAssets/Common/DA_FamiliarFX_Common_Oowl.DA_FamiliarFX_Common_Oowl"",BasicAttackTag=(TagName=""FX.Familiar.Common.Oowl.BasicAttack""),BasicAttackHitTag=(TagName=""FX.Familiar.Common.Oowl.BasicAttackHit""),HitTag=(TagName=""FX.Familiar.Common.Oowl.Hit""),DeathTag=(TagName=""FX.Familiar.Common.Oowl.Death""))","/Game/Blueprints/Characters/Familiar/Oowl/AM_Oowl_BasicAttack.AM_Oowl_BasicAttack","","/Script/Engine.BlueprintGeneratedClass'/Game/Test/KMJ/AI/BP_MyAIController.BP_MyAIController_C'","/Game/Test/KMJ/AI/BT_Monster.BT_Monster","/Game/Test/KMJ/AI/BB_Monster.BB_Monster","(AbilityClass=""/Script/Engine.BlueprintGeneratedClass'/Game/GAS/Abilities/GA_AreaBasicAttack.GA_AreaBasicAttack_C'"",EffectClass=""/Script/Engine.BlueprintGeneratedClass'/Game/GAS/Effects/GE_Damage_BasicAttack.GE_Damage_BasicAttack_C'"",ProjectileClass=None)","","(TagName=""Unit.Faction.Friendly.Familiar"")","/Game/External_Assets/Monster/Oowl/SKM_Oowl_A.SKM_Oowl_A","/Game/External_Assets/UI/Character/Icon_Monster/Icon_Oowl.Icon_Oowl","/Script/Engine.AnimBlueprintGeneratedClass'/Game/Blueprints/Characters/Familiar/Oowl/ABP_Oowl.ABP_Oowl_C'","/Game/Blueprints/Characters/Familiar/Oowl/AM_Oowl_Damaged.AM_Oowl_Damaged","/Game/Blueprints/Characters/Familiar/Oowl/AM_Oowl_Dead.AM_Oowl_Dead"
SmashingShrimp,"0.600000","(FXData=""/Game/Data/Assets/FamiliarFXAssets/Common/DA_FamiliarFX_Common_SmashingShrimp.DA_FamiliarFX_Common_SmashingShrimp"",BasicAttackTag=(TagName=""FX.Familiar.Common.SmashingShrimp.BasicAttack""),BasicAttackHitTag=(TagName=""FX.Familiar.Common.SmashingShrimp.BasicAttackHit""),HitTag=(TagName=""FX.Familiar.Common.SmashingShrimp.Hit""),DeathTag=(TagName=""FX.Familiar.Common.SmashingShrimp.Death""))","/Game/Blueprints/Characters/Familiar/SmashingShrimp/AM_SmashingShrimp_BasicAttack.AM_SmashingShrimp_BasicAttack","","/Script/Engine.BlueprintGeneratedClass'/Game/Test/KMJ/AI/BP_MyAIController.BP_MyAIController_C'","/Game/Test/KMJ/AI/BT_Monster.BT_Monster","/Game/Test/KMJ/AI/BB_Monster.BB_Monster","(AbilityClass=""/Script/Engine.BlueprintGeneratedClass'/Game/GAS/Abilities/GA_AreaBasicAttack.GA_AreaBasicAttack_C'"",EffectClass=""/Script/Engine.BlueprintGeneratedClass'/Game/GAS/Effects/GE_Damage_BasicAttack.GE_Damage_BasicAttack_C'"",ProjectileClass=None)","","(TagName=""Unit.Faction.Friendly.Familiar"")","/Game/External_Assets/Monster/SmashingShrimp/SKM_SmashingShrimp.SKM_SmashingShrimp","/Game/External_Assets/UI/Character/Icon_Monster/Icon_SmashingShrimp.Icon_SmashingShrimp","/Script/Engine.AnimBlueprintGeneratedClass'/Game/Blueprints/Characters/Familiar/SmashingShrimp/ABP_SmashingShrimp.ABP_SmashingShrimp_C'","/Game/Blueprints/Characters/Familiar/SmashingShrimp/AM_SmashingShrimp_Damaged.AM_SmashingShrimp_Damaged","/Game/Blueprints/Characters/Familiar/SmashingShrimp/AM_SmashingShrimp_Dead.AM_SmashingShrimp_Dead"
Tacodora,"0.300000","(FXData=""/Game/Data/Assets/FamiliarFXAssets/Common/DA_FamiliarFX_Common_Tacodora.DA_FamiliarFX_Common_Tacodora"",BasicAttackTag=(TagName=""FX.Familiar.Common.Tacodora.BasicAttack""),BasicAttackHitTag=(TagName=""FX.Familiar.Common.Tacodora.BasicAttackHit""),HitTag=(TagName=""FX.Familiar.Common.Tacodora.Hit""),DeathTag=(TagName=""FX.Familiar.Common.Tacodora.Death""))","/Game/Blueprints/Characters/Familiar/Tacodora/AM_Tacodora_BasicAttack.AM_Tacodora_BasicAttack","","/Script/Engine.BlueprintGeneratedClass'/Game/Test/KMJ/AI/BP_MyAIController.BP_MyAIController_C'","/Game/Test/KMJ/AI/BT_Monster.BT_Monster","/Game/Test/KMJ/AI/BB_Monster.BB_Monster","(AbilityClass=""/Script/Engine.BlueprintGeneratedClass'/Game/GAS/Abilities/GA_AreaBasicAttack.GA_AreaBasicAttack_C'"",EffectClass=""/Script/Engine.BlueprintGeneratedClass'/Game/GAS/Effects/GE_Damage_BasicAttack.GE_Damage_BasicAttack_C'"",ProjectileClass=None)","","(TagName=""Unit.Faction.Friendly.Familiar"")","/Game/External_Assets/Monster/Tacodora/SKM_takodora.SKM_takodora","/Game/External_Assets/UI/Character/Icon_Monster/Icon_Tacodora.Icon_Tacodora","/Script/Engine.AnimBlueprintGeneratedClass'/Game/Blueprints/Characters/Familiar/Tacodora/ABP_Tacodora.ABP_Tacodora_C'","/Game/Blueprints/Characters/Familiar/Tacodora/AM_Tacodora_Damaged.AM_Tacodora_Damaged","/Game/Blueprints/Characters/Familiar/Tacodora/AM_Tacodora_Dead.AM_Tacodora_Dead"
Trumduck,"1.500000","(FXData=""/Game/Data/Assets/FamiliarFXAssets/Common/DA_FamiliarFX_Common_Trumduck.DA_FamiliarFX_Common_Trumduck"",BasicAttackTag=(TagName=""FX.Familiar.Common.Trumduck.BasicAttack""),BasicAttackHitTag=(TagName=""FX.Familiar.Common.Trumduck.BasicAttackHit""),HitTag=(TagName=""FX.Familiar.Common.Trumduck.Hit""),DeathTag=(TagName=""FX.Familiar.Common.Trumduck.Death""))","/Game/Blueprints/Characters/Familiar/TrumDuck/AM_Trumduck_BasicAttack.AM_Trumduck_BasicAttack","","/Script/Engine.BlueprintGeneratedClass'/Game/Test/KMJ/AI/BP_MyAIController.BP_MyAIController_C'","/Game/Test/KMJ/AI/BT_Monster.BT_Monster","/Game/Test/KMJ/AI/BB_Monster.BB_Monster","(AbilityClass=""/Script/Engine.BlueprintGeneratedClass'/Game/GAS/Abilities/GA_ProjectileBasicAttack.GA_ProjectileBasicAttack_C'"",EffectClass=""/Script/Engine.BlueprintGeneratedClass'/Game/GAS/Effects/GE_Damage_BasicAttack.GE_Damage_BasicAttack_C'"",ProjectileClass=""/Script/Engine.BlueprintGeneratedClass'/Game/Blueprints/Object/Projectile/BP_Bullet.BP_Bullet_C'"")","","(TagName=""Unit.Faction.Friendly.Familiar"")","/Game/External_Assets/Monster/Trumduck/SKM_Trumduck.SKM_Trumduck","/Game/External_Assets/UI/Character/Icon_Monster/Icon_Boss_Trumduck_B.Icon_Boss_Trumduck_B","/Script/Engine.AnimBlueprintGeneratedClass'/Game/Blueprints/Characters/Familiar/TrumDuck/ABP_TrumDuck.ABP_TrumDuck_C'","/Game/Blueprints/Characters/Familiar/TrumDuck/AM_Trumduck_Damaged.AM_Trumduck_Damaged","/Game/Blueprints/Characters/Familiar/Trumduck/AM_Trumduck_Dead.AM_Trumduck_Dead"
Turret,"1.200000","(FXData=""/Game/Data/Assets/FamiliarFXAssets/Common/DA_FamiliarFX_Common_Turret.DA_FamiliarFX_Common_Turret"",BasicAttackTag=(TagName=""FX.Familiar.Common.Turret.BasicAttack""),BasicAttackHitTag=(TagName=""FX.Familiar.Common.Turret.BasicAttackHit""),HitTag=(TagName=""FX.Familiar.Common.Turret.Hit""),DeathTag=(TagName=""FX.Familiar.Common.Turret.Death""))","/Game/Blueprints/Characters/Familiar/Turret/AM_Turret_BasicAttack.AM_Turret_BasicAttack","","/Script/Engine.BlueprintGeneratedClass'/Game/Test/KMJ/AI/BP_MyAIController.BP_MyAIController_C'","/Game/Test/KMJ/AI/BT_Monster.BT_Monster","/Game/Test/KMJ/AI/BB_Monster.BB_Monster","(AbilityClass=""/Script/Engine.BlueprintGeneratedClass'/Game/GAS/Abilities/GA_ProjectileBasicAttack.GA_ProjectileBasicAttack_C'"",EffectClass=""/Script/Engine.BlueprintGeneratedClass'/Game/GAS/Effects/GE_Damage_BasicAttack.GE_Damage_BasicAttack_C'"",ProjectileClass=""/Script/Engine.BlueprintGeneratedClass'/Game/Blueprints/Object/Projectile/BP_Bullet.BP_Bullet_C'"")","","(TagName=""Unit.Faction.Friendly.Familiar"")","/Game/External_Assets/Monster/Turret/SKM_Turret.SKM_Turret","/Game/External_Assets/UI/Character/Icon_Monster/Icon_Turret.Icon_Turret","/Script/Engine.AnimBlueprintGeneratedClass'/Game/Blueprints/Characters/Familiar/Turret/ABP_Turret.ABP_Turret_C'","/Game/Blueprints/Characters/Familiar/Turret/AM_Turret_Damaged.AM_Turret_Damaged","/Game/Blueprints/Characters/Familiar/Turret/AM_Turret_Dead.AM_Turret_Dead"
Turtlog,"0.700000","(FXData=""/Game/Data/Assets/FamiliarFXAssets/Common/DA_FamiliarFX_Common_Turtlog.DA_FamiliarFX_Common_Turtlog"",BasicAttackTag=(TagName=""FX.Familiar.Common.Turtlog.BasicAttack""),BasicAttackHitTag=(TagName=""FX.Familiar.Common.Turtlog.BasicAttackHit""),HitTag=(TagName=""FX.Familiar.Common.Turtlog.Hit""),DeathTag=(TagName=""FX.Familiar.Common.Turtlog.Death""))","/Game/Blueprints/Characters/Familiar/Turtlog/AM_Turtlog_BasicAttack.AM_Turtlog_BasicAttack","","/Script/Engine.BlueprintGeneratedClass'/Game/Test/KMJ/AI/BP_MyAIController.BP_MyAIController_C'","/Game/Test/KMJ/AI/BT_Monster.BT_Monster","/Game/Test/KMJ/AI/BB_Monster.BB_Monster","(AbilityClass=""/Script/Engine.BlueprintGeneratedClass'/Game/GAS/Abilities/GA_AreaBasicAttack.GA_AreaBasicAttack_C'"",EffectClass=""/Script/Engine.BlueprintGeneratedClass'/Game/GAS/Effects/GE_Damage_BasicAttack.GE_Damage_BasicAttack_C'"",ProjectileClass=None)","","(TagName=""Unit.Faction.Friendly.Familiar"")","/Game/External_Assets/Monster/Turtlog/SKM_Turtlog.SKM_Turtlog","/Game/External_Assets/UI/Character/Icon_Monster/Icon_Boss_Turtlog.Icon_Boss_Turtlog","/Script/Engine.AnimBlueprintGeneratedClass'/Game/Blueprints/Characters/Familiar/Turtlog/ABP_Turtlog.ABP_Turtlog_C'","/Game/Blueprints/Characters/Familiar/Turtlog/AM_Turtlog_Damaged.AM_Turtlog_Damaged","/Game/Blueprints/Characters/Familiar/Turtlog/AM_Turtlog_Dead.AM_Turtlog_Dead"
Usami,"0.700000","(FXData=""/Game/Data/Assets/FamiliarFXAssets/Common/DA_FamiliarFX_Common_Usami.DA_FamiliarFX_Common_Usami"",BasicAttackTag=(TagName=""FX.Familiar.Common.Usami.BasicAttack""),BasicAttackHitTag=(TagName=""FX.Familiar.Common.Usami.BasicAttackHit""),HitTag=(TagName=""FX.Familiar.Common.Usami.Hit""),DeathTag=(TagName=""FX.Familiar.Common.Usami.Death""))","/Game/Blueprints/Characters/Familiar/Usami/AM_Usami_BasicAttack.AM_Usami_BasicAttack","","/Script/Engine.BlueprintGeneratedClass'/Game/Test/KMJ/AI/BP_MyAIController.BP_MyAIController_C'","/Game/Test/KMJ/AI/BT_Monster.BT_Monster","/Game/Test/KMJ/AI/BB_Monster.BB_Monster","(AbilityClass=""/Script/Engine.BlueprintGeneratedClass'/Game/GAS/Abilities/GA_AreaBasicAttack.GA_AreaBasicAttack_C'"",EffectClass=""/Script/Engine.BlueprintGeneratedClass'/Game/GAS/Effects/GE_Damage_BasicAttack.GE_Damage_BasicAttack_C'"",ProjectileClass=None)","","(TagName=""Unit.Faction.Friendly.Familiar"")","/Game/External_Assets/Monster/Usami/SKM_Usami.SKM_Usami","/Game/External_Assets/UI/Character/Icon_Monster/Icon_Usami.Icon_Usami","/Script/Engine.AnimBlueprintGeneratedClass'/Game/Blueprints/Characters/Familiar/Usami/ABP_Usami.ABP_Usami_C'","/Game/Blueprints/Characters/Familiar/Usami/AM_Usami_Damaged.AM_Usami_Damaged","/Game/Blueprints/Characters/Familiar/Usami/AM_Usami_Dead.AM_Usami_Dead"
